<?xml version="1.0"?>
<pagescount>
	<html_total>1</html_total>
	<html_done>1</html_done>
	<images/>
	<script/>
	<css/>
	<pdf/>
	<documents/>
	<excel/>
	<powerpoint/>
	<flash/>
	<audios/>
	<videos/>
	<xml/>
	<json/>
	<txt/>
	<autocad/>
	<fonts>10</fonts>
	<scraping_reload>1</scraping_reload>
	<is_pretty_url>false</is_pretty_url>
	<is_ebn>false</is_ebn>
	<email>otabekhoshimxon@gmail.com</email>
	<theme_name>WmdTheme598648</theme_name>
	<server_url_front_page>https://www6.waybackmachinedownloader.com/wdo/files/demo/payme.uz_otabekhoshimxon_gmail.com_9rh0muuwwt/</server_url_front_page>
	<no_www_url>payme.uz</no_www_url>
	<hosted_domain/>
	<original_archive_url>https://payme.uz/home/main</original_archive_url>
	<final_archive_url>https://payme.uz/home/main</final_archive_url>
	<front_page_code_date/>
	<total_urls_from_api/>
	<max_reached_live>false</max_reached_live>
	<scrape_other_captures>false</scrape_other_captures>
	<total_size>8</total_size>
</pagescount>
